INSERT INTO marca_producto (id_marca, nombre_marca) VALUES
(1, 'AMD'),
(2, 'Intel'),
(3, 'Asus'),
(4, 'MSI'),
(5, 'ASRock'),
(6, 'GIGABYTE'),
(7, 'Patriot'),
(8, 'Adata'),
(9, 'Kingston'),
(10, 'Micron'),
(11, 'Samsung'),
(12, 'G.Skill'),
(13, 'Corsair'),
(14, 'Arktek'),
(15, 'Seasonic'),
(16, 'AeroCool'),
(17, 'Cooler Master'),
(18, 'Lian Li'),
(19, 'Hyte'),
(20, 'InWin'),
(21, 'Logitech'),
(22, 'Razer'),
(23, 'Argom'),
(24, 'JNL'),
(25, 'Sharkoon'),
(26, 'LG'),
(27, 'AOC'),
(28, 'DeepCool'),
(29, 'Thermaltake'),
(30, 'EK'),
(31, 'Genius'),
(32, 'Thermal Grizzly'),
(33, 'HP');

INSERT INTO categoria_producto (id_categoria, nombre_categoria) VALUES
(1, 'Procesadores'),
(2, 'Placas Madre'),
(3, 'Memorias RAM'),
(4, 'Almacenamiento'),
(5, 'Tarjetas Gráficas'),
(6, 'Fuentes de poder'),
(7, 'Gabinetes'),
(8, 'Mouse'),
(9, 'Teclados'),
(10, 'Headsets'),
(11, 'Silla Gamer'),
(12, 'Monitores'),
(13, 'Refrigeración'),
(14, 'Accesorios'),
(15, 'Soluciones térmicas'),
(16, 'Laptops');

INSERT INTO producto (
    id_producto, nombre_producto, descripcion, precio, stock, imagen, id_categoria, id_marca
) VALUES
(1, 'Core i5', '14400F', 6600.0, 10, 'https://www.pcbuildshonduras.com/web/image/product.product/3590/image_1024/%5BBX8071514400F%5D%20Intel%20Core%20i5-14400F?unique=4d4f36d', 1, 2),
(2, 'Core i7', '14700', 13900.0, 5, 'https://www.pcbuildshonduras.com/web/image/product.template/3039/image_512/%5BBX8071514700%5D%20Intel%20Core%20i7-14700?unique=f8c89db', 1, 2),
(3, 'Core i3', '14100', 6100.0, 8, 'https://www.pcbuildshonduras.com/web/image/product.template/2928/image_512/%5BB0CQ1S3L53%5D%20Intel%20Core%20i3-14100%20?unique=f2b3f82', 1, 2),
(4, 'Core i5', '14600KF', 11900.0, 7, 'https://www.pcbuildshonduras.com/web/image/product.template/2726/image_512/Intel%20Core%20i5-14600KF?unique=7f8a4a6', 1, 2),
(5, 'Core i9', '14900K', 20000.0, 6, 'https://www.pcbuildshonduras.com/web/image/product.template/2646/image_512/Intel%20Core%20i9-14900K?unique=3326e72', 1, 2),
(6, 'Core i3', '13100F', 4500.0, 5, 'https://www.pcbuildshonduras.com/web/image/product.template/2007/image_512/%5BBX8071513100F%5D%20Intel%20Core%20i3-13100F?unique=7f8a4a6', 1, 2),
(7, 'Core i7', '12700F', 10500.0, 7, 'https://www.pcbuildshonduras.com/web/image/product.template/1250/image_512/Intel%20Core%20i7-12700F?unique=3da9b61', 1, 2),
(8, 'Core i5', '12400', 5900.0, 4, 'https://www.pcbuildshonduras.com/web/image/product.template/1143/image_512/%5BBX8071512400%5D%20Intel%20Core%20i5-12400?unique=02a750c', 1, 2),
(9, 'Core i5', '12600KF (6P+4E) Cores 4.9 GHz Unlocked', 7200.0, 2, 'https://www.pcbuildshonduras.com/web/image/product.template/1139/image_512/Intel%20Core%20i5-12600KF%20%286P%2B4E%29%20Cores%204.9%20GHz%20Unlocked?unique=6a34171', 1, 2),
(10, 'Core i3', '10100F', 2800.0, 7, 'https://www.pcbuildshonduras.com/web/image/product.template/705/image_512/%5BBX8070110100F%5D%20Intel%20Core%20i3-10100F?unique=7f8a4a6', 1, 2),
(11, 'Core i3', '10100', 3700.0, 6, 'https://www.pcbuildshonduras.com/web/image/product.template/422/image_512/Intel%20Core%20i3-10100?unique=65705d3', 1, 2),
(12, 'Ryzen 7', '9800X3D', 19900.0, 1, 'https://www.pcbuildshonduras.com/web/image/product.template/3474/image_512/%5B100-100001084WOF%5D%20AMD%20Ryzen%207%209800X3D?unique=7570deb', 1, 1),
(13, 'Ryzen 7', '8700G', 10000.0, 9, 'https://www.pcbuildshonduras.com/web/image/product.template/2824/image_512/AMD%20Ryzen%207%208700G?unique=fdcca45', 1, 1),
(14, 'Ryzen 7', '5700G', 5500.0, 4, 'https://www.pcbuildshonduras.com/web/image/product.template/1023/image_512/AMD%20Ryzen%207%205700G?unique=53365ae', 1, 1),
(15, 'Athlon', '3000G', 1900.0, 2, 'https://www.pcbuildshonduras.com/web/image/product.template/423/image_512/AMD%20Athlon%203000G?unique=7f8a4a6', 1, 1),
(16, 'PRO Z790-A MAX', 'WIFI DDR5', 10500.0, 5, 'https://www.pcbuildshonduras.com/web/image/product.template/3642/image_512/%5B911-7E07-014%5D%20%20MSI%20PRO%20Z790-A%20MAX%20WIFI%20DDR5?unique=7511903', 2, 4),
(17, 'PRO Z790-P', 'WiFi DDR5 LGA 1700', 8500.0, 7, 'https://www.pcbuildshonduras.com/web/image/product.template/3499/image_512/%5B911-7E06-038%5D%20MSI%20PRO%20Z790-P%20WiFi%20DDR5%20LGA%201700?unique=785cc08', 2, 4),
(18, 'MAG B650 Tomahawk', 'WiFi ATX DDR5', 8600.0, 6, 'https://www.pcbuildshonduras.com/web/image/product.template/2652/image_512/MSI%20MAG%20B650%20Tomahawk%20WiFi%20ATX%20DDR5?unique=60c261e', 2, 4),
(19, 'MAG B550 TOMAHAWK', 'ATX', 6900.0, 4, 'https://www.pcbuildshonduras.com/web/image/product.template/337/image_512/%5B911-7C91-044%5D%20MSI%20MAG%20B550%20TOMAHAWK%20ATX?unique=cf5b34d', 2, 4),
(20, 'ROG STRIX B850-F GAMING ', 'WIFI DDR5', 12500.0, 8, 'https://www.pcbuildshonduras.com/web/image/product.template/3537/image_512/%5B90MB1J70-M0EAY0%5D%20%20ASUS%20ROG%20STRIX%20B850-F%20GAMING%20WIFI%20%7C%20DDR5%20?unique=7abe035', 2, 3),
(21, 'Prime A620M-K', 'DDR5', 3000.0, 9, 'https://www.pcbuildshonduras.com/web/image/product.template/3133/image_512/%5B90MB1F40-M0EAY0%5D%20ASUS%20Prime%20A620M-K%20%7C%20DDR5?unique=9f36b24', 2, 3),
(22, 'Prime X670-P', 'WiFi', 10900.0, 6, 'https://www.pcbuildshonduras.com/web/image/product.template/2949/image_512/ASUS%20Prime%20X670-P%20WiFi?unique=b87f002', 2, 3),
(23, 'ROG STRIX B760-A GAMING', 'DDR5 WIFI', 8800.0, 5, 'https://www.pcbuildshonduras.com/web/image/product.template/2723/image_512/%5B90MB1EP0-M1AAY0%5D%20%20ASUS%20ROG%20STRIX%20B760-A%20GAMING%20%7C%20DDR5%20%7C%20WIFI?unique=a366272', 2, 3),
(24, 'Z790 PRO', 'RS/D4', 7700.0, 8, 'https://www.pcbuildshonduras.com/web/image/product.template/3504/image_512/%5BMBZ790MITXWIFI%5D%20ASROCK%20Z790M-ITX%20%7C%20WIFI%20%7C%20DDR5?unique=d74dc1a', 2, 5),
(25, 'B560M-HDV', 'R3.0 1200', 2500.0, 3, 'https://www.pcbuildshonduras.com/web/image/product.template/2351/image_512/%5BB560M-HDV%20R3.0%5D%20ASROCK%20B560M-HDV%20R3.0%201200?unique=42d8957', 2, 5),
(26, 'B760 GAMING X AX', 'DDR5', 8200.0, 9, 'https://www.pcbuildshonduras.com/web/image/product.template/1823/image_512/GIGABYTE%20B650%20AORUS%20ELITE%20AX%20AM5?unique=9b79f93', 2, 6),
(27, 'B550 AORUS ELITE', 'AX V2', 7200.0, 1, 'https://www.pcbuildshonduras.com/web/image/product.template/1720/image_512/Gigabyte%20B550%20AORUS%20ELITE%20AX%20V2%20?unique=40a29a1', 2, 6),
(28, 'VIPER STEEL RGB', '16GB DDR4 3600MHZ', 1700.0, 6, 'https://www.pcbuildshonduras.com/web/image/product.template/3740/image_512/%5BPVSR416G360C0%20V4S%5D%20PATRIOT%20VIPER%20STEEL%20RGB%2016GB%20DDR4%203600MHZ?unique=9627476', 3, 7),
(29, 'VIPER STEEL RGB', '8GB DDR4 3200MHZ', 1000.0, 4, 'https://www.pcbuildshonduras.com/web/image/product.template/3691/image_512/%5BPVSR48G320C8%20V4S%5D%20PATRIOT%20VIPER%20STEEL%20RGB%208GB%20DDR4%203200MHZ?unique=c794619', 3, 7),
(30, 'VIPER STEEL RGB', '8GB DDR4 3600MHZ', 1500.0, 3, 'https://www.pcbuildshonduras.com/web/image/product.template/1230/image_512/%5BPVSR48G360C0%20V4S%5D%20PATRIOT%20VIPER%20STEEL%20RGB%208GB%20DDR4%203600MHZ%20?unique=0ac694c', 3, 7),
(31, 'GOLD', 'DDR5 32 GB 5600MHZ | LAPTOP', 3000.0, 6, 'https://www.pcbuildshonduras.com/web/image/product.template/3633/image_512/%5BGD5S5600732G-SMI%5D%20ADATA%20GOLD%20DDR5%2032%20GB%205600MHZ%20%7C%20LAPTOP?unique=b2bbd32', 3, 8),
(32, 'GOLD', 'DDR5 16 GB 5600MHZ | LAPTOP', 1600.0, 2, 'https://www.pcbuildshonduras.com/web/image/product.template/3632/image_512/%5BGD5S5600716G-SMI%5D%20ADATA%20GOLD%20DDR5%2016%20GB%205600MHZ%20%7C%20LAPTOP?unique=d3d96e0', 3, 8),
(33, 'Fury Beast RGB', '8GB 5600MT/s DDR5', 1500.0, 6, 'https://www.pcbuildshonduras.com/web/image/product.template/2933/image_512/%5BKF556C40BBA-8%5D%20Kingston%20Fury%20Beast%20RGB%208GB%205600MT-s%20DDR5?unique=151715b', 3, 9),
(34, 'Value', '8GB (2 x 4GB) DDR4 2400', 700.0, 8, 'https://www.pcbuildshonduras.com/web/image/product.template/1910/image_512/%5BF4-2400C17D-8GNT%5D%20G.SKILL%20Value%208GB%20%282%20x%204GB%29%20DDR4%202400?unique=6fb8484', 3, 12),
(35, 'Value', '8GB (2 x 8GB) DDR4 2400', 1000.0, 3, 'https://www.pcbuildshonduras.com/web/image/product.template/1898/image_512/%5BF4-2400C17D-16GNT%5D%20G.Skill%20Value%202x8GB%20DDR4%202400Mhz?unique=4f89ed7', 3, 12),
(36, 'Trident Z Royal Series', '16GB (2 x 8GB) DDR4 3600 MHz GOLD', 2900.0, 3, 'https://www.pcbuildshonduras.com/web/image/product.template/655/image_512/%5BF4-3600C18D-16GTRG%5D%20G.SKILL%20Trident%20Z%20Royal%20Series%2016GB%20%282%20x%208GB%29%20DDR4%203600%20MHz%20GOLD?unique=aa67b85', 3, 12),
(37, 'PC5-44800', '8GB DDR5-5600MT', 2000.0, 7, 'https://www.pcbuildshonduras.com/web/image/product.template/3727/image_512/Samsung%208GB%20PC5-44800%20DDR5-5600MT?unique=f2158b4', 3, 11),
(38, 'PC5-5600B', '8 GB DDR5 SODIMM', 2000.0, 3, 'https://www.pcbuildshonduras.com/web/image/product.template/3726/image_512/%5BMTC4C10163S1SC56BD1%5D%20Micron%208%20GB%20DDR5%20PC5-5600B%20SODIMM?unique=55f725e', 3, 10),
(39, 'AORUS 5000E', '1TB M.2 Gen4', 3900.0, 9, 'https://www.pcbuildshonduras.com/web/image/product.template/3574/image_512/GIGABYTE%20AORUS%205000E%20%7C%201TB%20M.2%20Gen4?unique=1b2fcc5', 4, 6),
(40, 'MP600 GS', '500GB M.2 GEN4', 2500.0, 4, 'https://www.pcbuildshonduras.com/web/image/product.template/3527/image_512/%5BCSSD-F0500GBMP600GS%5D%20CORSAIR%20MP600%20GS%20500GB%20M.2%20GEN4?unique=c8be4a4', 4, 13),
(41, 'NV3', '500GB M.2 | PCIe 4.0 Gen 4x4', 1500.0, 2, 'https://www.pcbuildshonduras.com/web/image/product.template/3453/image_512/%5BSNV3S-500G%5D%20KINGSTON%20NV3%20500GB%20M.2%20%7C%20PCIe%204.0%20Gen%204x4?unique=b37a1f0', 4, 9),
(42, 'LEGEND 700', '1TB M.2 | GEN3', 2200.0, 7, 'https://www.pcbuildshonduras.com/web/image/product.template/3151/image_512/%5BALEG-700-1TCS%5D%20ADATA%20LEGEND%20700%201TB%20M.2%20%7C%20GEN3?unique=54d3bb1', 4, 8),
(43, 'XPG', '1TB GAMMIX S70 Blade Gen4', 3000.0, 5, 'https://www.pcbuildshonduras.com/web/image/product.template/1431/image_512/%5BAGAMMIXS70B-1T-CS%5D%20ADATA%20XPG%201TB%20GAMMIX%20S70%20Blade%20Gen4?unique=ce4f417', 4, 8),
(44, 'A400', '240 GB', 1000.0, 6, 'https://www.pcbuildshonduras.com/web/image/product.template/156/image_512/%5BSA400S37-240G%5D%20Kingston%20A400%20240%20GB?unique=eee1a17', 4, 9),
(45, 'GEFORCE RTX 5060 TI', '16G GAMING TRIO OC 16GB', 24500.0, 7, 'https://www.pcbuildshonduras.com/web/image/product.template/3646/image_512/%5B912-V535-030%5D%20MSI%20GEFORCE%20RTX%205060%20TI%2016G%20GAMING%20TRIO%20OC%2016GB?unique=e819bc1', 5, 4),
(46, 'GeForce RTX 5080', '16G VENTUS 3X OC', 43900.0, 8, 'https://www.pcbuildshonduras.com/web/image/product.template/3444/image_512/%5BVG-MSIG5080-16V3C%5D%20MSI%20GeForce%20RTX%205080%2016G%20VENTUS%203X%20OC%20?unique=4635170', 5, 4),
(47, 'GeForce RTX 4060', 'VENTUS 2X 8G OC | BLACK', 12900.0, 5, 'https://www.pcbuildshonduras.com/web/image/product.template/2683/image_512/%5B912-V516-012%5D%20MSI%20GeForce%20RTX%204060%20VENTUS%202X%208G%20OC%20%7C%20BLACK?unique=e291aa6', 5, 4),
(48, 'Dual Radeon RX 7600', 'EVO OC Edition 8GB GDDR6', 11900.0, 9, 'https://www.pcbuildshonduras.com/web/image/product.template/3535/image_512/%5B90YV0LD0-M0AA00%5D%20ASUS%20Dual%20Radeon%20RX%207600%20EVO%20OC%20Edition%208GB%20GDDR6?unique=c357b74', 5, 3),
(49, 'GT710', '2GB DDR3', 1500.0, 7, 'https://www.pcbuildshonduras.com/web/image/product.template/3396/image_512/%5BAKN710D3S2GL1%5D%20%20ARKTEK%20GT710%202GB%20DDR3?unique=5f546c8', 5, 14),
(50, 'Vertex', '1000W 80+ PLATINUM MODULAR | ATX 3.0 | PCIe 5.0', 8700.0, 6, 'https://www.pcbuildshonduras.com/web/image/product.template/3476/image_512/%5BVERTEXPX-100012102PXAFS%5D%20SEASONIC%201000W%2080%2B%20PLATINUM%20MODULAR%20%7C%20ATX%203.0%20%7C%20PCIe%205.0%20?unique=ea7fbb8', 6, 15),
(51, 'VX PLUS', '500W', 900.0, 2, 'https://www.pcbuildshonduras.com/web/image/product.template/3065/image_512/%5BACPN-VB50MUY.11%5D%20AEROCOOL%20VX%20PLUS%20%7C%20500W%20?unique=0621cec', 6, 16),
(52, 'KCAS', '600W BRONZE', 1700.0, 6, 'https://www.pcbuildshonduras.com/web/image/product.template/2979/image_512/%5BACPB-KC60FUC.12%5D%20AEROCOOL%20KCAS%20%7C%20600W%20BRONZE%20?unique=66ea313', 6, 16),
(53, 'MWE', 'BRONZE V2 650W', 2700.0, 1, 'https://www.pcbuildshonduras.com/web/image/product.template/2971/image_512/%5BMPE-6501-ACAAB-US%5D%20COOLER%20MASTER%20MWE%20BRONZE%20V2%20650W?unique=66ea313', 6, 17),
(54, 'UD850', '850W 80+ GOLD | MODULAR', 4000.0, 2, 'https://www.pcbuildshonduras.com/web/image/product.template/2748/image_512/%5BGP-UD850GM%5D%20GIGABYTE%20850W%2080%2B%20GOLD%20%7C%20MODULAR?unique=41554b3', 6, 6),
(55, ' SP 750', '80+ Gold SFX', 4000.0, 3, 'https://www.pcbuildshonduras.com/web/image/product.template/2625/image_512/%5BG89.SP750B.00US%5D%20LIAN%20LI%20-%20SP%20750%2080%2B%20Gold%20SFX?unique=4cb1f55', 6, 18),
(56, 'Y40', 'ATX | RED&BLACK', 4200.0, 4, 'https://www.pcbuildshonduras.com/web/image/product.template/3637/image_512/%5BCS-HYTE-Y40-BR%5D%20HYTE%20Y40%20ATX%20%7C%20RED%26BLACK?unique=ceb1655', 7, 19),
(57, 'REVOLT 3', 'ITX | BLACK', 4500.0, 5, 'https://www.pcbuildshonduras.com/web/image/product.template/3502/image_512/%5BCS-HYTE-REVOLT3-B%5D%20%20HYTE%20REVOLT%203%20ITX%20%7C%20BLACK?unique=69d5971', 7, 19),
(58, 'Y70', 'ATX | WHITE', 7500.0, 6, 'https://www.pcbuildshonduras.com/web/image/product.template/3332/image_512/%5BCS-HYTE-Y70-WW%5D%20HYTE%20Y70%20ATX%20%7C%20WHITE?unique=a035d47', 7, 19),
(59, 'Y60', 'ATX | BLACK', 6500.0, 7, 'https://www.pcbuildshonduras.com/web/image/product.template/3325/image_512/%5BCS-HYTE-Y60-B%5D%20HYTE%20Y60%20ATX%20%7C%20BLACK?unique=0fd1dce', 7, 19),
(60, 'O11 Vision', 'WHITE', 4500.0, 8, 'https://www.pcbuildshonduras.com/web/image/product.template/3320/image_512/%5BG99.O11VW.00%5D%20Lian%20Li%20O11%20Vision%20-%20WHITE?unique=f96a72b', 7, 18),
(61, '6500X', '| ATX | WHITE', 6500.0, 9, 'https://www.pcbuildshonduras.com/web/image/product.template/3087/image_512/%5BCC-9011258-WW%5D%20CORSAIR%206500X%20%7C%20ATX%20%7C%20WHITE?unique=2f0a431', 7, 13),
(62, 'AIRFLOW 2500D', '| MICRO-ATX | BLACK', 5000.0, 10, 'https://www.pcbuildshonduras.com/web/image/product.template/3086/image_512/%5BCC-9011263-WW%5D%20CORSAIR%20AIRFLOW%202500D%20%7C%20MICRO-ATX%20%7C%20BLACK?unique=5e73f24', 7, 13),
(63, 'OBSIDIAN SERIES', '1000D RGB', 18200.0, 5, 'https://www.pcbuildshonduras.com/web/image/product.template/3071/image_512/%5BCC-9011148-WW%5D%20CORSAIR%20OBSIDIAN%20SERIES%201000D%20RGB?unique=0bd0f8a', 7, 13),
(64, 'Obsidian Series', '500D RGB SE Premium', 10000.0, 8, 'https://www.pcbuildshonduras.com/web/image/product.template/2354/image_512/%5BCC-9011139-WW%5D%20Corsair%20Obsidian%20Series%20500D%20RGB%20SE%20Premium?unique=7c6db0a', 7, 13),
(65, 'G309', 'LIGHTSPEED', 2500.0, 5, 'https://www.pcbuildshonduras.com/web/image/product.template/3617/image_512/%5B910-007197%5D%20LOGITECH%20G309%20LIGHTSPEED?unique=586abb5', 8, 21),
(66, 'G502', 'X Lightspeed Wireless BLACK', 3800.0, 6, 'https://www.pcbuildshonduras.com/web/image/product.template/2521/image_512/%5B910-006178%5D%20Logitech%20G502%20X%20Lightspeed%20Wireless%20%7C%20BLACK?unique=eec0558', 8, 21),
(67, 'G203 ', 'LIGHTSYNC - Lilac', 800.0, 6, 'https://www.pcbuildshonduras.com/web/image/product.template/1037/image_512/%5B910-005851%5D%20Logitech%20G203%20LIGHTSYNC%20-%20Lilac?unique=44c4a5c', 8, 21),
(68, 'Viper V2 Pro', 'PUBG', 5700.0, 4, 'https://www.pcbuildshonduras.com/web/image/product.template/3048/image_512/%5BRZ01-04390600-R3M1%5D%20Razer%20Viper%20V2%20Pro%20-%20PUBG?unique=cebfa82', 8, 22),
(69, 'DeathAdder V3', 'Ultra-lightweight', 2200.0, 7, 'https://www.pcbuildshonduras.com/web/image/product.template/2166/image_512/%5BRZ01-04640100-R3U1%5D%20Razer%20DeathAdder%20V3%20Ultra-lightweight?unique=9cc306b', 8, 22),
(70, 'Basilisk V3 Pro', 'Customizable | Wireless', 4700.0, 8, 'https://www.pcbuildshonduras.com/web/image/product.template/1938/image_512/%5BRZ01-04620100-R3U1%5D%20Razer%20Basilisk%20V3%20Pro%20%7C%20Customizable%20%7C%20Wireless?unique=d8af26c', 8, 22),
(71, 'Viper V2 Pro', 'HyperSpeed Wireless | BLACK', 4600.0, 8, 'https://www.pcbuildshonduras.com/web/image/product.template/1715/image_512/%5BRZ01-04390100-R3U1%5D%20Razer%20Viper%20V2%20Pro%20HyperSpeed%20Wireless%20%7C%20BLACK?unique=ad5e091', 8, 22),
(72, 'Ironclaw', 'RGB', 1800.0, 6, 'https://www.pcbuildshonduras.com/web/image/product.template/1635/image_512/%5BCH-9307011-NA%5D%20Corsair%20Ironclaw%20RGB?unique=5588054', 8, 13),
(73, 'ERGO WAVE KEYS', 'BLACK', 1900.0, 5, 'https://www.pcbuildshonduras.com/web/image/product.template/3620/image_512/%5B920-012278%5D%20LOGITECH%20ERGO%20WAVE%20KEYS%20%7C%20BLACK?unique=d0a23b2', 9, 21),
(74, 'G515 LIGHTSPEED TKL', 'Tactile Brown Switch | WHITE', 4700.0, 5, 'https://www.pcbuildshonduras.com/web/image/product.template/3615/image_512/%5B920-012535%5D%20LOGITECH%20G515%20LIGHTSPEED%20TKL%20%7C%20Tactile%20Brown%20Switch%20%7C%20WHITE?unique=88bc2d3', 9, 21),
(75, 'K120', 'BLACK', 400.0, 1, 'https://www.pcbuildshonduras.com/web/image/product.template/3333/image_512/%5B920-002478%5D%20%20Logitech%20K120%20?unique=8d70393', 9, 21),
(76, 'G PRO X TKL Wireless', 'BLACK', 6800.0, 2, 'https://www.pcbuildshonduras.com/web/image/product.template/3061/image_512/%5B920-012127%5D%20LOGITECH%20G%20PRO%20X%20TKL%20Wireless%20%7C%20BLACK?unique=b749124', 9, 21),
(77, 'G915 TKL', 'Tenkeyless Lightspeed Wireless RGB Mechanical', 5900.0, 4, 'https://www.pcbuildshonduras.com/web/image/product.template/1368/image_512/%5B920-009495%5D%20Logitech%20G915%20TKL%20Tenkeyless%20Lightspeed%20Wireless%20RGB%20Mechanical?unique=92aa2c8', 9, 21),
(78, 'CK550 V2', 'Brown Switch', 2700.0, 5, 'https://www.pcbuildshonduras.com/web/image/product.template/3044/image_512/%5BCK-550-GKTM1-US%5D%20Cooler%20Master%20CK550%20V2%20%7C%20Brown%20Switch?unique=ad9b5f1', 9, 17),
(79, 'Master MS111', 'Combo', 1600.0, 5, 'https://www.pcbuildshonduras.com/web/image/product.template/1669/image_512/%5BMS-111-KKMF1-LS%5D%20Combo%20Cooler%20Master%20MS111?unique=82c82fd', 9, 17),
(80, 'K100 RGB', 'BLACK | CHERRY MX SPEED RGB', 7800.0, 1, 'https://www.pcbuildshonduras.com/web/image/product.template/856/image_512/%5BCH-912A01A-%20NA%5D%20Corsair%20K100%20RGB%20%7C%20BLACK%20%7C%20CHERRY%20MX%20SPEED%20RGB?unique=d8ab05d', 9, 13),
(81, 'K95 RGB Platinum XT', 'Cherry MX SPEED RGB Silver', 6200.0, 5, 'https://www.pcbuildshonduras.com/web/image/product.template/334/image_512/%5BCH-9127414-NA%5D%20Corsair%20K95%20RGB%20Platinum%20XT%20%7C%20Cherry%20MX%20SPEED%20RGB%20Silver?unique=889dd2d', 9, 13),
(82, 'K1', 'Gaming Keyboard', 3900.0, 1, 'https://www.pcbuildshonduras.com/web/image/product.template/2175/image_512/%5BGK-AORUSK1%5D%20AORUS%20K1%20Gaming%20Keyboard?unique=d8e2587', 9, 16),
(83, 'PUREWRITER TKL RGB', 'BLACK', 2200.0, 6, 'https://www.pcbuildshonduras.com/web/image/product.template/2760/image_512/%5B4044951021505%5D%20SHARKOON%20PUREWRITER%20TKL%20RGB%20%7C%20BLACK%20?unique=a8d88fd', 9, 25),
(84, 'BLACKSHARK V2 PRO', 'BLACK', 6400.0, 5, 'https://www.pcbuildshonduras.com/web/image/product.template/3619/image_512/%5BRZ04-04530500-R3U1%5D%20RAZER%20BLACKSHARK%20V2%20PRO%20%7C%20BLACK?unique=f5040ac', 10, 22),
(85, 'Barracuda Wireless Gaming', 'BLACK', 4900.0, 8, 'https://www.pcbuildshonduras.com/web/image/product.template/3618/image_512/%5BRZ04-03790100-R3U1%5D%20Razer%20Barracuda%20Wireless%20Gaming%20%7C%20BLACK?unique=e6b692c', 10, 22),
(86, 'Barracuda Wireless', 'WHITE', 4800.0, 1, 'https://www.pcbuildshonduras.com/web/image/product.template/2966/image_512/Razer%20Barracuda%20Wireless%20%7C%20WHITE?unique=08be7e6', 10, 22),
(87, 'BlackShark V2', 'X Wired Gaming Headset 3.5mm | Green', 1200.0, 2, 'https://www.pcbuildshonduras.com/web/image/product.template/1375/image_512/%5BRZ04-03240600-R3U1%5D%20Razer%20BlackShark%20V2%20X%20Wired%20Gaming%20Headset%203.5mm%20%7C%20Green?unique=00dcf9b', 10, 22),
(88, 'A50', 'X LIGHTSPEED WIRELESS + BASE STATION | BLACK', 11600.0, 4, 'https://www.pcbuildshonduras.com/web/image/product.template/3517/image_512/%5B939-002126%5D%20LOGITECH%20A50%20X%20LIGHTSPEED%20WIRELESS%20%2B%20BASE%20STATION%20%7C%20BLACK?unique=a85f230', 10, 21),
(89, 'ASTRO Gaming A10', 'Gen2 | BLACK', 2200.0, 5, 'https://www.pcbuildshonduras.com/web/image/product.template/3059/image_512/%5B939-002055%5D%20Logitech%20ASTRO%20Gaming%20A10%20%7C%20Gen2%20%7C%20BLACK?unique=b4bca3e', 10, 21),
(90, 'Zone 300 Wireless', 'WHITE', 1800.0, 5, 'https://www.pcbuildshonduras.com/web/image/product.template/3052/image_512/%5B981-001416%5D%20Logitech%20Zone%20300%20Wireless%20%7C%20WHITE?unique=a194b6c', 10, 21),
(91, 'G733', 'Lightspeed Wireless | BLACK', 4600.0, 1, 'https://www.pcbuildshonduras.com/web/image/product.template/2519/image_512/%5B981-000863%5D%20Logitech%20G733%20Lightspeed%20Wireless%20%7C%20BLACK?unique=b5bfac4', 10, 21),
(92, 'G PRO X', 'Wireless Lightspeed', 5700.0, 5, 'https://www.pcbuildshonduras.com/web/image/product.template/1389/image_512/%5B981-000906%5D%20Logitech%20G%20PRO%20X%20Wireless%20Lightspeed?unique=72b21bb', 10, 21),
(93, 'ROG DELTA', 'BLACK', 6200.0, 5, 'https://www.pcbuildshonduras.com/web/image/product.template/2770/image_512/ASUS%20ROG%20DELTA%20%7C%20BLACK%20?unique=5b2e79b', 10, 3),
(94, 'THUNDERX3 CORE-MODERN', 'CORE-MODERN | BLACK', 10900.0, 9, 'https://www.pcbuildshonduras.com/web/image/product.product/3092/image_1024/%5BTEGC-2057101.11%5D%20AEROCOOL%20THUNDERX3%20CORE-MODERN%20%7C%20BLACK?unique=6f694af', 11, 16),
(95, 'Enki X Essential', 'BLACK', 12200.0, 5, 'https://www.pcbuildshonduras.com/web/image/product.product/1220/image_1024/%5BRZ38-03880100-R3U1-AF%5D%20Razer%20Enki%20X%20Essential?unique=f49784f', 11, 22),
(96, 'Ultragear 24GS65F-B', '| 24" | IPS | HDR10 | 1920x1080 | 180 Hz | 1ms |', 5900.0, 4, 'https://www.pcbuildshonduras.com/web/image/product.product/3575/image_1024/%5B24GS65F-B%5D%20LG%20Ultragear%2024%22%20%7C%2024GS65F-B%20%7C%20IPS%20%7C%20HDR10%20%7C%201920x1080%20%7C%20180%20Hz%20%7C%201ms%20%7C?unique=9d5b7c3', 12, 26),
(97, 'Ultragear 27GS65F-B', '| 27" | 27GS65F-B | IPS | 1920x1080 | 180 | Hz | 1ms', 7200.0, 6, 'https://www.pcbuildshonduras.com/web/image/product.product/3416/image_1024/%5B27GS65F-B%5D%20LG%2027GS65F-B%20%7C%2027%22%20%7C%2027GS65F-B%20%7C%20IPS%20%7C%201920x1080%20%7C%20180%20%7C%20Hz%20%7C%201ms?unique=3092f42', 12, 26),
(98, '27G4', 'FHD 27" | 1920 × 1080 | 180HZ | 0.5MS | IPS', 6900.0, 7, 'https://www.pcbuildshonduras.com/web/image/product.product/3413/image_1024/AOC%2027G4%20FHD%2027%22%20%7C%201920%20%C3%97%201080%20%7C%20180HZ%20%7C%200.5MS%20%7C%20IPS?unique=5b1f71c', 12, 27),
(99, '24G4', '24" | IPS | 1920 x 1080 | 180 Hz | 0.5MS', 6700.0, 5, 'https://www.pcbuildshonduras.com/web/image/product.product/3371/image_1024/AOC%2024G4%20de%2024%22%20%7C%20IPS%20%7C%201920%20x%201080%20%7C%20180%20Hz%20%7C%200.5MS?unique=c8ae54b', 12, 27),
(100, 'THICC Q60', 'DIGITAL 240MM', 9700.0, 9, 'https://www.pcbuildshonduras.com/web/image/product.product/3589/image_1024/%5BFAN-HYTE-Q60-BW%5D%20HYTE%20THICC%20Q60%20DIGITAL%20240MM?unique=f60f8d5', 13, 19),
(101, 'LT360', 'ARGB 360MM', 4700.0, 4, 'https://www.pcbuildshonduras.com/web/image/product.product/3487/image_1024/%5BR-LT360-BKAMNC-G-1%5D%20DEEPCOOL%20LT360%20ARGB%20360MM%20?unique=3829ed7', 13, 28),
(102, 'AG400', 'ARGB | WHITE', 1000.0, 1, 'https://www.pcbuildshonduras.com/web/image/product.product/3468/image_1024/%5BAG400-WHANMC-G2%5D%20DEEPCOOL%20AG400%20ARGB%20%7C%20WHITE?unique=fc0207c', 13, 28),
(103, 'UX100', 'ARGB', 600.0, 9, 'https://www.pcbuildshonduras.com/web/image/product.product/2594/image_1024/%5BCL-P064-AL12SW-A%5D%20Thermaltake%20UX100%20ARGB?unique=2f978dd', 13, 29),
(104, 'MIRAGE 5', 'ARGB PWM | BLACK', 1000.0, 5, 'https://www.pcbuildshonduras.com/web/image/product.product/3466/image_1024/%5BACTC-MR90517.13%5D%20%20AEROCOOL%20MIRAGE%205%20ARGB%20PWM%20%7C%20BLACK?unique=518b508', 13, 16),
(105, 'MIRAGE L240', 'ARGB 240MM | WHITE', 2600.0, 6, 'https://www.pcbuildshonduras.com/web/image/product.product/3463/image_1024/%5BACLAMR24127.73%5D%20AEROCOOL%20MIRAGE%20L240%20ARGB%20240MM%20%7C%20WHITE?unique=1284ed3', 13, 16),
(106, 'MIRAGE L120', 'ARGB 120MM | BLACK', 2200.0, 8, 'https://www.pcbuildshonduras.com/web/image/product.product/3462/image_1024/%5BACLA%20MR12117.73%5D%20%20AEROCOOL%20MIRAGE%20L120%20ARGB%20120MM%20%7C%20BLACK?unique=21d9ac6', 13, 16),
(107, 'CYLON 4F', 'ARGB | WHITE', 1000.0, 7, 'https://www.pcbuildshonduras.com/web/image/product.product/3011/image_1024/%5BACTC-CL30430.02%5D%20AEROCOOL%20CYLON%204F%20ARGB%20%7C%20WHITE?unique=7a94cdf', 13, 16),
(108, 'MIRAGE L360', 'ARGB 360MM', 2900.0, 6, 'https://www.pcbuildshonduras.com/web/image/product.product/2917/image_1024/%5BACLA-MR36117.73%5D%20AEROCOOL%20MIRAGE%20L360%20ARGB%20360MM?unique=1284ed3', 13, 16),
(109, 'MasterLiquid 240L', 'Core 240mm | BLACK', 3400.0, 5, 'https://www.pcbuildshonduras.com/web/image/product.product/2690/image_1024/%5BMLW-D24M-A18PZ-R1%5D%20Cooler%20Master%20MasterLiquid%20240L%20Core%20240mm%20%7C%20BLACK?unique=8e65221', 13, 17),
(110, 'G-STAND M200', 'BASE PARA LAPTOP BLACK', 400.0, 4, 'https://www.pcbuildshonduras.com/web/image/product.product/3473/image_1024/%5B31250020400%5D%20BASE%20PARA%20LAPTOP%20GENIUS%20G-STAND%20M200%20%7C%20BLACK?unique=3d24fae', 14, 31),
(111, 'SHARK BLADE', 'RGB STRIP', 400.0, 8, 'https://www.pcbuildshonduras.com/web/image/product.product/3460/image_1024/%5B4044951026883%5D%20SHARKOON%20%7C%20SHARK%20BLADE%20RGB%20STRIP?unique=9dec1dd', 14, 25),
(112, 'Seiren V3 Mini', 'USB Microphone | WHITE', 1900.0, 8, 'https://www.pcbuildshonduras.com/web/image/product.product/3018/image_1024/%5BRZ19-05050300-R3U1%5D%20Razer%20Seiren%20V3%20Mini%20%7C%20USB%20Microphone%20%7C%20WHITE?unique=5725eea', 14, 22),
(113, 'Base Station V2', 'Chroma', 2700.0, 6, 'https://www.pcbuildshonduras.com/web/image/product.product/1954/image_1024/Razer%20Base%20Station%20V2%20Chroma?unique=76555b7', 14, 22),
(114, 'C920S PRO', 'HD 1080P', 2700.0, 8, 'https://www.pcbuildshonduras.com/web/image/product.product/2671/image_1024/%5B960-001257%5D%20LOGITECH%20C920S%20PRO%20HD%201080P?unique=5725eea', 14, 21),
(115, 'ST100', 'RGB Premium Headset Stand with 7.1 Surround Sound', 3200.0, 7, 'https://www.pcbuildshonduras.com/web/image/product.product/1953/image_1024/Corsair%20ST100%20RGB%20Premium%20Headset%20Stand%20with%207.1%20Surround%20Sound?unique=67bc810', 14, 13),
(116, 'ST50', 'Premium Headset Stand Black', 1400.0, 4, 'https://www.pcbuildshonduras.com/web/image/product.product/1952/image_1024/Corsair%20ST50%20Premium%20Headset%20Stand%20Black?unique=4b3577b', 14, 13),
(117, 'Spatula', '3 pcs', 150.0, 5, 'https://www.pcbuildshonduras.com/web/image/product.product/2790/image_1024/%5BTG-AS-3%5D%20Thermal%20Grizzly%20Spatula%20-%203%20pcs?unique=9dec1dd', 15, 32),
(118, 'Contact Sealing Frame', 'AM5', 600.0, 1, 'https://www.pcbuildshonduras.com/web/image/product.product/2782/image_1024/%5BTG-CSF-AM5%5D%20Thermal%20Grizzly%20Contact%20Sealing%20Frame%20-%20AM5?unique=97041e4', 15, 32),
(119, 'Aeronaut', '3,9g / 1,5ml', 300.0, 6, 'https://www.pcbuildshonduras.com/web/image/product.product/2761/image_1024/%5BTG-A-015-R%5D%20Thermal%20Grizzly%20Aeronaut%20-%203%2C9g%20-%201%2C5ml%20?unique=f41329e', 15, 32),
(120, 'Lapping Tool', 'Ryzen 7000', 500.0, 3, 'https://www.pcbuildshonduras.com/web/image/product.product/2781/image_1024/%5BTG-LT-aR7000%5D%20Thermal%20Grizzly%20Lapping%20Tool%20-%20Ryzen%207000?unique=675574b', 15, 32),
(121, '240 G9 14', '| I5-1235U | 8GB RAM | 256GB SSD |', 15900.0, 5, 'https://www.pcbuildshonduras.com/web/image/product.product/3356/image_1024/LAPTOP%20HP%20240%20G9%2014%22%20%7C%20I5-1235U%20%7C%208GB%20RAM%20%7C%20256GB%20SSD%20%7C%20?unique=dfe3050', 16, 33),
(122, 'X1504ZA-NJ246 15.6', '| I5-1235U | 8GB RAM | 512GB SSD |', 18900.0, 4, 'https://www.pcbuildshonduras.com/web/image/product.product/3355/image_1024/%5B90NB1022-M00UA0%5D%20LAPTOP%20ASUS%20X1504ZA-NJ246%2015.6%22%20%7C%20I5-1235U%20%0A%7C%208GB%20RAM%20%7C%20512GB%20SSD%20%7C%20?unique=e0a5bcd', 16, 3),
(123, 'E1504GA-NJ276 15.6', '| I3-N305 | 8GB RAM | 512GB SSD |', 13900.0, 8, 'https://www.pcbuildshonduras.com/web/image/product.product/3354/image_1024/%5B90NB0ZT2-M00LM0%5D%20LAPTOP%20ASUS%20E1504GA-NJ276%2015.6%22%20%7C%20I3-N305%20%0A%7C%208GB%20RAM%20%7C%20512GB%20SSD%20%7C?unique=8be612c', 16, 3),
(124, 'MODERN 15 B7M-426 15.6', 'RYZEN 5 7530U | 16GB RAM | 512GB SSD |', 23900.0, 11, 'https://www.pcbuildshonduras.com/web/image/product.product/3353/image_1024/%5B9S7-15HK12-426%5D%20LAPTOP%20MSI%20MODERN%2015%20B7M-426%2015.6%22%20RYZEN%205%207530U%20%7C%2016GB%20RAM%20%7C%20512GB%20SSD%20%7C%20?unique=e0a5bcd', 16, 4);